"timestamp","workload","pool","trial","status","command","threads","warmup","reps","matrix_n","matrix_bs","fib_n","fib_tasks","fib_split_threshold","fib_single_n","fib_single_split_threshold","fib_fast_n","fib_fast_tasks","run_times_s","latency_p50_s","latency_p95_s","latency_p99_s","app_best_s","app_avg_s","throughput_tasks_per_s","gflops","checksum","expected_checksum","fib_value","spawned_internal_nodes","elapsed_s","user_s","sys_s","cpu_pct","max_rss_kb","avg_rss_kb","voluntary_cs","involuntary_cs","perf_enabled","perf_task_clock_ms","perf_context_switches","perf_cpu_migrations","perf_cycles","perf_instructions","perf_cache_misses","perf_cpus_utilized","stderr"
"2026-02-21T08:23:13+00:00","matrix","classic","1","ok","/home/rjahangir/Concurrency_in_Cpp/build/matrix_mul_bench classic 1024 64 8 1 3","8","1","3","1024","64","NA","NA","NA","NA","NA","NA","NA","0.053788;0.0535189;0.055969","0.053788000","0.055750900","0.055925380","0.0535189","0.0544253","4703.694789004","39.457452","14.2335","NA","NA","NA","0.29","1.76","0.02","598","28444","0","78","135","1","1753.19","200","2","<not supported>","<not supported>","<not supported>","6.045483",""
"2026-02-21T08:23:14+00:00","matrix","classic","2","ok","/home/rjahangir/Concurrency_in_Cpp/build/matrix_mul_bench classic 1024 64 8 1 3","8","1","3","1024","64","NA","NA","NA","NA","NA","NA","NA","0.0539485;0.0538381;0.0540985","0.053948500","0.054083500","0.054095500","0.0538381","0.0539617","4744.105541523","39.796442","14.2335","NA","NA","NA","0.29","1.78","0.01","605","28604","0","76","91","1","1759.94","152","1","<not supported>","<not supported>","<not supported>","6.068759",""
"2026-02-21T08:23:14+00:00","matrix","classic","3","ok","/home/rjahangir/Concurrency_in_Cpp/build/matrix_mul_bench classic 1024 64 8 1 3","8","1","3","1024","64","NA","NA","NA","NA","NA","NA","NA","0.0540537;0.053957;0.053829","0.053957000","0.054044030","0.054051766","0.053829","0.0539466","4745.433447150","39.807581","14.2335","NA","NA","NA","0.30","1.76","0.03","589","28472","0","72","116","1","1760.47","168","3","<not supported>","<not supported>","<not supported>","5.868233",""
"2026-02-21T08:23:14+00:00","matrix","classic","4","ok","/home/rjahangir/Concurrency_in_Cpp/build/matrix_mul_bench classic 1024 64 8 1 3","8","1","3","1024","64","NA","NA","NA","NA","NA","NA","NA","0.0538357;0.0538254;0.0540992","0.053835700","0.054072850","0.054093930","0.0538254","0.0539201","4747.765675509","39.827145","14.2335","NA","NA","NA","0.29","1.77","0.02","601","28448","0","69","190","1","1753.76","245","2","<not supported>","<not supported>","<not supported>","6.047448",""
"2026-02-21T08:23:14+00:00","matrix","classic","5","ok","/home/rjahangir/Concurrency_in_Cpp/build/matrix_mul_bench classic 1024 64 8 1 3","8","1","3","1024","64","NA","NA","NA","NA","NA","NA","NA","0.0541463;0.0539681;0.0540069","0.054006900","0.054132360","0.054143512","0.0539681","0.0540404","4737.196615865","39.738485","14.2335","NA","NA","NA","0.29","1.78","0.01","604","28472","0","80","165","1","1762.53","230","1","<not supported>","<not supported>","<not supported>","6.077690",""
"2026-02-21T08:23:15+00:00","matrix","ws","1","ok","/home/rjahangir/Concurrency_in_Cpp/build/matrix_mul_bench ws 1024 64 8 1 3","8","1","3","1024","64","NA","NA","NA","NA","NA","NA","NA","0.0540505;0.0540131;0.0538851","0.054013100","0.054046760","0.054049752","0.0538851","0.0539829","4742.242450850","39.780813","14.2335","NA","NA","NA","0.30","1.76","0.02","592","28412","0","86","136","1","1750.28","209","2","<not supported>","<not supported>","<not supported>","5.834267",""
"2026-02-21T08:23:15+00:00","matrix","ws","2","ok","/home/rjahangir/Concurrency_in_Cpp/build/matrix_mul_bench ws 1024 64 8 1 3","8","1","3","1024","64","NA","NA","NA","NA","NA","NA","NA","0.0554067;0.0539144;0.0543832","0.054383200","0.055304350","0.055386230","0.0539144","0.0545681","4691.385626401","39.354195","14.2335","NA","NA","NA","0.30","1.78","0.02","599","28500","0","82","219","1","1772.99","285","2","<not supported>","<not supported>","<not supported>","5.909967",""
"2026-02-21T08:23:15+00:00","matrix","ws","3","ok","/home/rjahangir/Concurrency_in_Cpp/build/matrix_mul_bench ws 1024 64 8 1 3","8","1","3","1024","64","NA","NA","NA","NA","NA","NA","NA","0.0539264;0.055616;0.0538026","0.053926400","0.055447040","0.055582208","0.0538026","0.0544484","4701.699223485","39.440712","14.2335","NA","NA","NA","0.30","1.77","0.02","590","28620","0","70","137","1","1756.69","195","2","<not supported>","<not supported>","<not supported>","5.855633",""
"2026-02-21T08:23:16+00:00","matrix","ws","4","ok","/home/rjahangir/Concurrency_in_Cpp/build/matrix_mul_bench ws 1024 64 8 1 3","8","1","3","1024","64","NA","NA","NA","NA","NA","NA","NA","0.0546608;0.0542217;0.0543343","0.054334300","0.054628150","0.054654270","0.0542217","0.0544056","4705.397973738","39.471739","14.2335","NA","NA","NA","0.29","1.76","0.02","598","28608","0","82","146","1","1751.39","210","2","<not supported>","<not supported>","<not supported>","6.039276",""
"2026-02-21T08:23:16+00:00","matrix","ws","5","ok","/home/rjahangir/Concurrency_in_Cpp/build/matrix_mul_bench ws 1024 64 8 1 3","8","1","3","1024","64","NA","NA","NA","NA","NA","NA","NA","0.0540636;0.0539119;0.0555177","0.054063600","0.055372290","0.055488618","0.0539119","0.0544977","4697.445947260","39.405033","14.2335","NA","NA","NA","0.30","1.78","0.02","600","28612","0","77","169","1","1767.94","232","1","<not supported>","<not supported>","<not supported>","5.893133",""
"2026-02-21T08:23:16+00:00","matrix","elastic","1","ok","/home/rjahangir/Concurrency_in_Cpp/build/matrix_mul_bench elastic 1024 64 8 1 3","8","1","3","1024","64","NA","NA","NA","NA","NA","NA","NA","0.0543023;0.0543599;0.0540142","0.054302300","0.054354140","0.054358748","0.0540142","0.0542255","4721.026085513","39.602837","14.2335","NA","NA","NA","0.29","1.79","0.01","605","28816","0","87","148","1","1772.82","220","1","<not supported>","<not supported>","<not supported>","6.113172",""
"2026-02-21T08:23:17+00:00","matrix","elastic","2","ok","/home/rjahangir/Concurrency_in_Cpp/build/matrix_mul_bench elastic 1024 64 8 1 3","8","1","3","1024","64","NA","NA","NA","NA","NA","NA","NA","0.0549634;0.0547381;0.0546942","0.054738100","0.054940870","0.054958894","0.0546942","0.0547986","4671.652195494","39.188659","14.2335","NA","NA","NA","0.30","1.74","0.04","584","28780","0","99","167","1","1743.95","252","2","<not supported>","<not supported>","<not supported>","5.813167",""
"2026-02-21T08:23:17+00:00","matrix","elastic","3","ok","/home/rjahangir/Concurrency_in_Cpp/build/matrix_mul_bench elastic 1024 64 8 1 3","8","1","3","1024","64","NA","NA","NA","NA","NA","NA","NA","0.0540689;0.0551836;0.0542919","0.054291900","0.055094430","0.055165766","0.0540689","0.0545148","4695.972469861","39.392672","14.2335","NA","NA","NA","0.29","1.76","0.02","598","28676","0","102","185","1","1750.77","275","1","<not supported>","<not supported>","<not supported>","6.037138",""
"2026-02-21T08:23:17+00:00","matrix","elastic","4","ok","/home/rjahangir/Concurrency_in_Cpp/build/matrix_mul_bench elastic 1024 64 8 1 3","8","1","3","1024","64","NA","NA","NA","NA","NA","NA","NA","0.0539493;0.0550765;0.0546247","0.054624700","0.055031320","0.055067464","0.0539493","0.0545502","4692.925048854","39.367109","14.2335","NA","NA","NA","0.29","1.76","0.02","596","28832","0","123","198","1","1744.88","307","8","<not supported>","<not supported>","<not supported>","6.016828",""
"2026-02-21T08:23:17+00:00","matrix","elastic","5","ok","/home/rjahangir/Concurrency_in_Cpp/build/matrix_mul_bench elastic 1024 64 8 1 3","8","1","3","1024","64","NA","NA","NA","NA","NA","NA","NA","0.0535994;0.0538359;0.0545995","0.053835900","0.054523140","0.054584228","0.0535994","0.0540116","4739.722578113","39.759675","14.2335","NA","NA","NA","0.29","1.73","0.05","600","28580","0","91","123","1","1751.69","199","1","<not supported>","<not supported>","<not supported>","6.040310",""
"2026-02-21T08:23:18+00:00","matrix","advws","1","ok","/home/rjahangir/Concurrency_in_Cpp/build/matrix_mul_bench advws 1024 64 8 1 3","8","1","3","1024","64","NA","NA","NA","NA","NA","NA","NA","0.0530608;0.0539056;0.0523133","0.053060800","0.053821120","0.053888704","0.0523133","0.0530932","4821.709748141","40.447433","14.2335","NA","NA","NA","0.29","1.72","0.03","594","28540","0","80","275","1","1717.11","340","1","<not supported>","<not supported>","<not supported>","5.921069",""
"2026-02-21T08:23:18+00:00","matrix","advws","2","ok","/home/rjahangir/Concurrency_in_Cpp/build/matrix_mul_bench advws 1024 64 8 1 3","8","1","3","1024","64","NA","NA","NA","NA","NA","NA","NA","0.0544122;0.0517713;0.0525427","0.052542700","0.054225250","0.054374810","0.0517713","0.0529087","4838.523721052","40.588479","14.2335","NA","NA","NA","0.29","1.72","0.02","589","28540","0","74","161","1","1714.49","220","2","<not supported>","<not supported>","<not supported>","5.912034",""
"2026-02-21T08:23:18+00:00","matrix","advws","3","ok","/home/rjahangir/Concurrency_in_Cpp/build/matrix_mul_bench advws 1024 64 8 1 3","8","1","3","1024","64","NA","NA","NA","NA","NA","NA","NA","0.0525;0.0523986;0.0533585","0.052500000","0.053272650","0.053341330","0.0523986","0.0527524","4852.859775100","40.708738","14.2335","NA","NA","NA","0.29","1.72","0.01","590","28628","0","80","169","1","1698.93","234","4","<not supported>","<not supported>","<not supported>","5.858379",""
"2026-02-21T08:23:19+00:00","matrix","advws","4","ok","/home/rjahangir/Concurrency_in_Cpp/build/matrix_mul_bench advws 1024 64 8 1 3","8","1","3","1024","64","NA","NA","NA","NA","NA","NA","NA","0.0519582;0.0517067;0.0535101","0.051958200","0.053354910","0.053479062","0.0517067","0.0523917","4886.270153479","40.989005","14.2335","NA","NA","NA","0.29","1.72","0.02","598","28472","0","80","134","1","1708.94","201","1","<not supported>","<not supported>","<not supported>","5.892897",""
"2026-02-21T08:23:19+00:00","matrix","advws","5","ok","/home/rjahangir/Concurrency_in_Cpp/build/matrix_mul_bench advws 1024 64 8 1 3","8","1","3","1024","64","NA","NA","NA","NA","NA","NA","NA","0.0520058;0.0538366;0.0534379","0.053437900","0.053796730","0.053828626","0.0520058","0.0530934","4821.691585018","40.447281","14.2335","NA","NA","NA","0.29","1.72","0.02","591","28716","0","95","199","1","1707.44","277","2","<not supported>","<not supported>","<not supported>","5.887724",""
"2026-02-21T08:23:19+00:00","fib","classic","1","ok","/home/rjahangir/Concurrency_in_Cpp/build/fib_bench classic 44 8 1 3 8 32","8","1","3","NA","NA","44","8","32","NA","NA","NA","NA","3.8827e-05;4.2056e-05;4.045e-05","0.000040450","0.000041895","0.000042024","3.8827e-05","4.04443e-05","197802.904241142","NA","5611269864","5611269864","701408733","NA","0.04","0.03","0.00","102","14504","0","60","8","1","2.72","53","0","<not supported>","<not supported>","<not supported>","0.068000",""
"2026-02-21T08:23:19+00:00","fib","classic","2","ok","/home/rjahangir/Concurrency_in_Cpp/build/fib_bench classic 44 8 1 3 8 32","8","1","3","NA","NA","44","8","32","NA","NA","NA","NA","3.6732e-05;0.00017258;4.4832e-05","0.000044832","0.000159805","0.000170025","3.6732e-05","8.47147e-05","94434.614063439","NA","5611269864","5611269864","701408733","NA","0.04","0.03","0.00","100","14420","0","58","10","1","2.55","53","1","<not supported>","<not supported>","<not supported>","0.063750",""
"2026-02-21T08:23:19+00:00","fib","classic","3","ok","/home/rjahangir/Concurrency_in_Cpp/build/fib_bench classic 44 8 1 3 8 32","8","1","3","NA","NA","44","8","32","NA","NA","NA","NA","3.722e-05;4.0119e-05;4.0957e-05","0.000040119","0.000040873","0.000040940","3.722e-05","3.9432e-05","202880.908906472","NA","5611269864","5611269864","701408733","NA","0.04","0.04","0.00","100","14304","0","60","14","1","2.37","55","0","<not supported>","<not supported>","<not supported>","0.059250",""
"2026-02-21T08:23:19+00:00","fib","classic","4","ok","/home/rjahangir/Concurrency_in_Cpp/build/fib_bench classic 44 8 1 3 8 32","8","1","3","NA","NA","44","8","32","NA","NA","NA","NA","7.4975e-05;6.0773e-05;6.3967e-05","0.000063967","0.000073874","0.000074755","6.0773e-05","6.65717e-05","120171.183851396","NA","5611269864","5611269864","701408733","NA","0.04","0.03","0.00","100","14268","0","66","18","1","2.54","59","0","<not supported>","<not supported>","<not supported>","0.063500",""
"2026-02-21T08:23:19+00:00","fib","classic","5","ok","/home/rjahangir/Concurrency_in_Cpp/build/fib_bench classic 44 8 1 3 8 32","8","1","3","NA","NA","44","8","32","NA","NA","NA","NA","3.7783e-05;4.2702e-05;4.0661e-05","0.000040661","0.000042498","0.000042661","3.7783e-05","4.0382e-05","198108.067951067","NA","5611269864","5611269864","701408733","NA","0.04","0.03","0.00","100","14116","0","59","13","1","2.48","52","0","<not supported>","<not supported>","<not supported>","0.062000",""
"2026-02-21T08:23:19+00:00","fib","ws","1","ok","/home/rjahangir/Concurrency_in_Cpp/build/fib_bench ws 44 8 1 3 8 32","8","1","3","NA","NA","44","8","32","NA","NA","NA","NA","5.429e-05;5.6729e-05;6.0138e-05","0.000056729","0.000059797","0.000060070","5.429e-05","5.70523e-05","140222.217158642","NA","5611269864","5611269864","701408733","NA","0.03","0.03","0.00","102","14364","0","66","9","1","2.48","60","0","<not supported>","<not supported>","<not supported>","0.082667",""
"2026-02-21T08:23:19+00:00","fib","ws","2","ok","/home/rjahangir/Concurrency_in_Cpp/build/fib_bench ws 44 8 1 3 8 32","8","1","3","NA","NA","44","8","32","NA","NA","NA","NA","3.8531e-05;4.3702e-05;4.2402e-05","0.000042402","0.000043572","0.000043676","3.8531e-05","4.1545e-05","192562.281863040","NA","5611269864","5611269864","701408733","NA","0.03","0.03","0.00","102","14352","0","61","12","1","2.57","57","0","<not supported>","<not supported>","<not supported>","0.085667",""
"2026-02-21T08:23:19+00:00","fib","ws","3","ok","/home/rjahangir/Concurrency_in_Cpp/build/fib_bench ws 44 8 1 3 8 32","8","1","3","NA","NA","44","8","32","NA","NA","NA","NA","5.6168e-05;4.2123e-05;4.291e-05","0.000042910","0.000054842","0.000055903","4.2123e-05","4.7067e-05","169970.467631249","NA","5611269864","5611269864","701408733","NA","0.03","0.03","0.00","102","14296","0","65","9","1","2.49","59","0","<not supported>","<not supported>","<not supported>","0.083000",""
"2026-02-21T08:23:19+00:00","fib","ws","4","ok","/home/rjahangir/Concurrency_in_Cpp/build/fib_bench ws 44 8 1 3 8 32","8","1","3","NA","NA","44","8","32","NA","NA","NA","NA","3.6606e-05;4.1657e-05;4.482e-05","0.000041657","0.000044504","0.000044757","3.6606e-05","4.10277e-05","194990.213928638","NA","5611269864","5611269864","701408733","NA","0.04","0.04","0.00","100","14400","0","57","12","1","2.77","51","0","<not supported>","<not supported>","<not supported>","0.069250",""
"2026-02-21T08:23:19+00:00","fib","ws","5","ok","/home/rjahangir/Concurrency_in_Cpp/build/fib_bench ws 44 8 1 3 8 32","8","1","3","NA","NA","44","8","32","NA","NA","NA","NA","4.1718e-05;4.2925e-05;4.1532e-05","0.000041718","0.000042804","0.000042901","4.1532e-05","4.20583e-05","190212.157885602","NA","5611269864","5611269864","701408733","NA","0.03","0.03","0.00","102","14272","0","67","8","1","2.49","59","1","<not supported>","<not supported>","<not supported>","0.083000",""
"2026-02-21T08:23:19+00:00","fib","elastic","1","ok","/home/rjahangir/Concurrency_in_Cpp/build/fib_bench elastic 44 8 1 3 8 32","8","1","3","NA","NA","44","8","32","NA","NA","NA","NA","4.026e-05;5.0212e-05;4.1661e-05","0.000041661","0.000049357","0.000050041","4.026e-05","4.40443e-05","181635.308087539","NA","5611269864","5611269864","701408733","NA","0.03","0.03","0.00","100","14336","0","62","10","1","2.51","57","0","<not supported>","<not supported>","<not supported>","0.083667",""
"2026-02-21T08:23:19+00:00","fib","elastic","2","ok","/home/rjahangir/Concurrency_in_Cpp/build/fib_bench elastic 44 8 1 3 8 32","8","1","3","NA","NA","44","8","32","NA","NA","NA","NA","4.6081e-05;4.1292e-05;4.1043e-05","0.000041292","0.000045602","0.000045985","4.1043e-05","4.28053e-05","186892.744590039","NA","5611269864","5611269864","701408733","NA","0.03","0.03","0.00","102","14536","0","61","10","1","2.56","54","0","<not supported>","<not supported>","<not supported>","0.085333",""
"2026-02-21T08:23:20+00:00","fib","elastic","3","ok","/home/rjahangir/Concurrency_in_Cpp/build/fib_bench elastic 44 8 1 3 8 32","8","1","3","NA","NA","44","8","32","NA","NA","NA","NA","4.8658e-05;5.0026e-05;3.8445e-05","0.000048658","0.000049889","0.000049999","3.8445e-05","4.57097e-05","175017.556448631","NA","5611269864","5611269864","701408733","NA","0.04","0.03","0.00","95","14372","0","61","24","1","2.51","56","0","<not supported>","<not supported>","<not supported>","0.062750",""
"2026-02-21T08:23:20+00:00","fib","elastic","4","ok","/home/rjahangir/Concurrency_in_Cpp/build/fib_bench elastic 44 8 1 3 8 32","8","1","3","NA","NA","44","8","32","NA","NA","NA","NA","6.1962e-05;4.0516e-05;4.0838e-05","0.000040838","0.000059850","0.000061540","4.0516e-05","4.7772e-05","167462.111697228","NA","5611269864","5611269864","701408733","NA","0.03","0.03","0.00","102","14236","0","65","13","1","2.62","61","0","<not supported>","<not supported>","<not supported>","0.087333",""
"2026-02-21T08:23:20+00:00","fib","elastic","5","ok","/home/rjahangir/Concurrency_in_Cpp/build/fib_bench elastic 44 8 1 3 8 32","8","1","3","NA","NA","44","8","32","NA","NA","NA","NA","3.8314e-05;4.1278e-05;4.1359e-05","0.000041278","0.000041351","0.000041357","3.8314e-05","4.0317e-05","198427.462360791","NA","5611269864","5611269864","701408733","NA","0.03","0.03","0.00","102","14360","0","59","10","1","2.46","54","0","<not supported>","<not supported>","<not supported>","0.082000",""
"2026-02-21T08:23:20+00:00","fib","advws","1","ok","/home/rjahangir/Concurrency_in_Cpp/build/fib_bench advws 44 8 1 3 8 32","8","1","3","NA","NA","44","8","32","NA","NA","NA","NA","3.6519e-05;4.4556e-05;4.2789e-05","0.000042789","0.000044379","0.000044521","3.6519e-05","4.1288e-05","193760.899050572","NA","5611269864","5611269864","701408733","NA","0.03","0.03","0.00","102","14236","0","56","14","1","2.47","50","0","<not supported>","<not supported>","<not supported>","0.082333",""
"2026-02-21T08:23:20+00:00","fib","advws","2","ok","/home/rjahangir/Concurrency_in_Cpp/build/fib_bench advws 44 8 1 3 8 32","8","1","3","NA","NA","44","8","32","NA","NA","NA","NA","7.8951e-05;7.9834e-05;7.7405e-05","0.000078951","0.000079746","0.000079816","7.7405e-05","7.873e-05","101613.108090944","NA","5611269864","5611269864","701408733","NA","0.03","0.03","0.01","102","14348","0","74","7","1","2.56","69","0","<not supported>","<not supported>","<not supported>","0.085333",""
"2026-02-21T08:23:20+00:00","fib","advws","3","ok","/home/rjahangir/Concurrency_in_Cpp/build/fib_bench advws 44 8 1 3 8 32","8","1","3","NA","NA","44","8","32","NA","NA","NA","NA","5.2477e-05;4.2009e-05;4.3295e-05","0.000043295","0.000051559","0.000052293","4.2009e-05","4.5927e-05","174189.474600997","NA","5611269864","5611269864","701408733","NA","0.03","0.04","0.00","102","14352","0","67","8","1","2.51","61","0","<not supported>","<not supported>","<not supported>","0.083667",""
"2026-02-21T08:23:20+00:00","fib","advws","4","ok","/home/rjahangir/Concurrency_in_Cpp/build/fib_bench advws 44 8 1 3 8 32","8","1","3","NA","NA","44","8","32","NA","NA","NA","NA","3.683e-05;4.2065e-05;4.3117e-05","0.000042065","0.000043012","0.000043096","3.683e-05","4.06707e-05","196701.802526143","NA","5611269864","5611269864","701408733","NA","0.03","0.03","0.00","102","14220","0","59","7","1","2.62","52","0","<not supported>","<not supported>","<not supported>","0.087333",""
"2026-02-21T08:23:20+00:00","fib","advws","5","ok","/home/rjahangir/Concurrency_in_Cpp/build/fib_bench advws 44 8 1 3 8 32","8","1","3","NA","NA","44","8","32","NA","NA","NA","NA","4.3092e-05;4.2596e-05;4.4223e-05","0.000043092","0.000044110","0.000044200","4.2596e-05","4.33037e-05","184741.719529740","NA","5611269864","5611269864","701408733","NA","0.04","0.03","0.00","100","14516","0","59","12","1","2.57","56","0","<not supported>","<not supported>","<not supported>","0.064250",""
"2026-02-21T08:23:20+00:00","fib_single","classic","1","ok","/home/rjahangir/Concurrency_in_Cpp/build/fib_single_bench classic 44 8 1 3 30","8","1","3","NA","NA","NA","NA","NA","44","30","NA","NA","0.001425;0.00144694;0.0014607","0.001446940","0.001459324","0.001460425","0.001425","0.00144422","692.415282990","NA","NA","NA","701408733","986","0.04","0.03","0.03","141","14240","0","2382","649","1","25.56","3016","0","<not supported>","<not supported>","<not supported>","0.639000",""
"2026-02-21T08:23:20+00:00","fib_single","classic","2","ok","/home/rjahangir/Concurrency_in_Cpp/build/fib_single_bench classic 44 8 1 3 30","8","1","3","NA","NA","NA","NA","NA","44","30","NA","NA","0.0014241;0.00141723;0.00147779","0.001424100","0.001472421","0.001476716","0.00141723","0.00143971","694.584326010","NA","NA","NA","701408733","986","0.04","0.03","0.02","144","14308","0","2368","667","1","25.88","3021","0","<not supported>","<not supported>","<not supported>","0.647000",""
"2026-02-21T08:23:20+00:00","fib_single","classic","3","ok","/home/rjahangir/Concurrency_in_Cpp/build/fib_single_bench classic 44 8 1 3 30","8","1","3","NA","NA","NA","NA","NA","44","30","NA","NA","0.00146033;0.00142574;0.00142487","0.001425740","0.001456871","0.001459638","0.00142487","0.00143698","695.903909588","NA","NA","NA","701408733","986","0.04","0.04","0.01","142","14104","0","2426","638","1","25.83","3052","0","<not supported>","<not supported>","<not supported>","0.645750",""
"2026-02-21T08:23:20+00:00","fib_single","classic","4","ok","/home/rjahangir/Concurrency_in_Cpp/build/fib_single_bench classic 44 8 1 3 30","8","1","3","NA","NA","NA","NA","NA","44","30","NA","NA","0.00138608;0.00143065;0.00163786","0.001430650","0.001617139","0.001633716","0.00138608","0.00148486","673.464164972","NA","NA","NA","701408733","986","0.04","0.03","0.02","140","14252","0","2336","653","1","25.21","2976","0","<not supported>","<not supported>","<not supported>","0.630250",""
"2026-02-21T08:23:20+00:00","fib_single","classic","5","ok","/home/rjahangir/Concurrency_in_Cpp/build/fib_single_bench classic 44 8 1 3 30","8","1","3","NA","NA","NA","NA","NA","44","30","NA","NA","0.00154754;0.00154992;0.0014879","0.001547540","0.001549682","0.001549872","0.0014879","0.00152845","654.257581210","NA","NA","NA","701408733","986","0.04","0.04","0.02","143","14408","0","2631","691","1","27.11","3308","0","<not supported>","<not supported>","<not supported>","0.677750",""
"2026-02-21T08:23:20+00:00","fib_single","ws","1","ok","/home/rjahangir/Concurrency_in_Cpp/build/fib_single_bench ws 44 8 1 3 30","8","1","3","NA","NA","NA","NA","NA","44","30","NA","NA","0.000423157;0.000445374;0.000575379","0.000445374","0.000562378","0.000572779","0.000423157","0.000481303","2077.693261833","NA","NA","NA","701408733","986","0.04","0.04","0.00","117","14224","0","294","55","1","10.26","334","0","<not supported>","<not supported>","<not supported>","0.256500",""
"2026-02-21T08:23:20+00:00","fib_single","ws","2","ok","/home/rjahangir/Concurrency_in_Cpp/build/fib_single_bench ws 44 8 1 3 30","8","1","3","NA","NA","NA","NA","NA","44","30","NA","NA","0.000406688;0.000420777;0.000486534","0.000420777","0.000479958","0.000485219","0.000406688","0.000438","2283.105022831","NA","NA","NA","701408733","986","0.04","0.02","0.02","117","14380","0","243","38","1","11.68","260","1","<not supported>","<not supported>","<not supported>","0.292000",""
"2026-02-21T08:23:20+00:00","fib_single","ws","3","ok","/home/rjahangir/Concurrency_in_Cpp/build/fib_single_bench ws 44 8 1 3 30","8","1","3","NA","NA","NA","NA","NA","44","30","NA","NA","0.000446085;0.000497941;0.000628117","0.000497941","0.000615099","0.000625513","0.000446085","0.000524048","1908.222147590","NA","NA","NA","701408733","986","0.04","0.04","0.00","121","14260","0","380","76","1","14.03","438","0","<not supported>","<not supported>","<not supported>","0.350750",""
"2026-02-21T08:23:20+00:00","fib_single","ws","4","ok","/home/rjahangir/Concurrency_in_Cpp/build/fib_single_bench ws 44 8 1 3 30","8","1","3","NA","NA","NA","NA","NA","44","30","NA","NA","0.000383162;0.000496257;0.000435886","0.000435886","0.000490220","0.000495050","0.000383162","0.000438435","2280.839805216","NA","NA","NA","701408733","986","0.04","0.04","0.00","116","14216","0","227","66","1","10.72","269","0","<not supported>","<not supported>","<not supported>","0.268000",""
"2026-02-21T08:23:20+00:00","fib_single","ws","5","ok","/home/rjahangir/Concurrency_in_Cpp/build/fib_single_bench ws 44 8 1 3 30","8","1","3","NA","NA","NA","NA","NA","44","30","NA","NA","0.000419144;0.000412244;0.000415869","0.000415869","0.000418816","0.000419078","0.000412244","0.000415752","2405.280070811","NA","NA","NA","701408733","986","0.04","0.03","0.01","114","14364","0","179","47","1","10.80","204","0","<not supported>","<not supported>","<not supported>","0.270000",""
"2026-02-21T08:23:20+00:00","fib_single","elastic","1","ok","/home/rjahangir/Concurrency_in_Cpp/build/fib_single_bench elastic 44 8 1 3 30","8","1","3","NA","NA","NA","NA","NA","44","30","NA","NA","0.00184963;0.00192321;0.00193469","0.001923210","0.001933542","0.001934460","0.00184963","0.00190251","525.621415919","NA","NA","NA","701408733","986","0.04","0.04","0.04","193","14364","0","4022","1763","1","54.49","5760","0","<not supported>","<not supported>","<not supported>","1.362250",""
"2026-02-21T08:23:20+00:00","fib_single","elastic","2","ok","/home/rjahangir/Concurrency_in_Cpp/build/fib_single_bench elastic 44 8 1 3 30","8","1","3","NA","NA","NA","NA","NA","44","30","NA","NA","0.00219275;0.00219877;0.0021822","0.002192750","0.002198168","0.002198650","0.0021822","0.00219124","456.362607473","NA","NA","NA","701408733","986","0.04","0.05","0.04","206","14264","0","5433","2308","1","59.96","7729","3","<not supported>","<not supported>","<not supported>","1.499000",""
"2026-02-21T08:23:20+00:00","fib_single","elastic","3","ok","/home/rjahangir/Concurrency_in_Cpp/build/fib_single_bench elastic 44 8 1 3 30","8","1","3","NA","NA","NA","NA","NA","44","30","NA","NA","0.0019555;0.00185985;0.00191572","0.001915720","0.001951522","0.001954704","0.00185985","0.00191036","523.461546515","NA","NA","NA","701408733","986","0.04","0.04","0.03","187","14224","0","4735","1674","1","49.17","6391","2","<not supported>","<not supported>","<not supported>","1.229250",""
"2026-02-21T08:23:20+00:00","fib_single","elastic","4","ok","/home/rjahangir/Concurrency_in_Cpp/build/fib_single_bench elastic 44 8 1 3 30","8","1","3","NA","NA","NA","NA","NA","44","30","NA","NA","0.00186973;0.00186685;0.00185831","0.001866850","0.001869442","0.001869672","0.00185831","0.00186496","536.204529856","NA","NA","NA","701408733","986","0.04","0.04","0.04","189","14160","0","4734","1917","1","50.86","6633","0","<not supported>","<not supported>","<not supported>","1.271500",""
"2026-02-21T08:23:21+00:00","fib_single","elastic","5","ok","/home/rjahangir/Concurrency_in_Cpp/build/fib_single_bench elastic 44 8 1 3 30","8","1","3","NA","NA","NA","NA","NA","44","30","NA","NA","0.00195643;0.00191708;0.0019434","0.001943400","0.001955127","0.001956169","0.00191708","0.00193897","515.737737046","NA","NA","NA","701408733","986","0.04","0.04","0.04","193","14548","0","4226","1807","1","52.06","6019","0","<not supported>","<not supported>","<not supported>","1.301500",""
"2026-02-21T08:23:21+00:00","fib_single","advws","1","ok","/home/rjahangir/Concurrency_in_Cpp/build/fib_single_bench advws 44 8 1 3 30","8","1","3","NA","NA","NA","NA","NA","44","30","NA","NA","0.000364063;0.000383952;0.000416984","0.000383952","0.000413681","0.000416323","0.000364063","0.000388333","2575.109506532","NA","NA","NA","701408733","986","0.04","0.04","0.00","117","14300","0","171","47","1","10.15","200","0","<not supported>","<not supported>","<not supported>","0.253750",""
"2026-02-21T08:23:21+00:00","fib_single","advws","2","ok","/home/rjahangir/Concurrency_in_Cpp/build/fib_single_bench advws 44 8 1 3 30","8","1","3","NA","NA","NA","NA","NA","44","30","NA","NA","0.000409193;0.000618487;0.000424726","0.000424726","0.000599111","0.000614612","0.000409193","0.000484135","2065.539570574","NA","NA","NA","701408733","986","0.04","0.03","0.01","111","14432","0","213","54","1","10.00","252","0","<not supported>","<not supported>","<not supported>","0.250000",""
"2026-02-21T08:23:21+00:00","fib_single","advws","3","ok","/home/rjahangir/Concurrency_in_Cpp/build/fib_single_bench advws 44 8 1 3 30","8","1","3","NA","NA","NA","NA","NA","44","30","NA","NA","0.000551104;0.0003857;0.000637","0.000551104","0.000628410","0.000635282","0.0003857","0.000524601","1906.210624837","NA","NA","NA","701408733","986","0.04","0.04","0.00","119","14436","0","297","59","1","11.35","339","0","<not supported>","<not supported>","<not supported>","0.283750",""
"2026-02-21T08:23:21+00:00","fib_single","advws","4","ok","/home/rjahangir/Concurrency_in_Cpp/build/fib_single_bench advws 44 8 1 3 30","8","1","3","NA","NA","NA","NA","NA","44","30","NA","NA","0.000445836;0.00147685;0.000407619","0.000445836","0.001373749","0.001456230","0.000407619","0.000776767","1287.387337516","NA","NA","NA","701408733","986","0.04","0.04","0.00","114","14340","0","217","54","1","10.00","256","0","<not supported>","<not supported>","<not supported>","0.250000",""
"2026-02-21T08:23:21+00:00","fib_single","advws","5","ok","/home/rjahangir/Concurrency_in_Cpp/build/fib_single_bench advws 44 8 1 3 30","8","1","3","NA","NA","NA","NA","NA","44","30","NA","NA","0.000488955;0.000372016;0.000439562","0.000439562","0.000484016","0.000487967","0.000372016","0.000433511","2306.746541610","NA","NA","NA","701408733","986","0.04","0.02","0.01","117","14300","0","245","34","1","10.56","266","0","<not supported>","<not supported>","<not supported>","0.264000",""
"2026-02-21T08:23:21+00:00","fib_fast","classic","1","ok","/home/rjahangir/Concurrency_in_Cpp/build/fib_fast_bench classic 90 8 1 3 8","8","1","3","NA","NA","NA","NA","NA","NA","NA","90","8","3.3589e-05;2.6276e-05;3.5609e-05","0.000033589","0.000035407","0.000035569","2.6276e-05","3.18247e-05","251377.075039199","NA","4593793481256977344","4593793481256977344","2880067194370816120","NA","0.03","0.04","0.00","102","14240","0","63","9","1","2.11","57","0","<not supported>","<not supported>","<not supported>","0.070333",""
"2026-02-21T08:23:21+00:00","fib_fast","classic","2","ok","/home/rjahangir/Concurrency_in_Cpp/build/fib_fast_bench classic 90 8 1 3 8","8","1","3","NA","NA","NA","NA","NA","NA","NA","90","8","7.7006e-05;3.7254e-05;3.5496e-05","0.000037254","0.000073031","0.000076211","3.5496e-05","4.99187e-05","160260.583709111","NA","4593793481256977344","4593793481256977344","2880067194370816120","NA","0.03","0.03","0.00","100","14320","0","69","12","1","2.24","64","0","<not supported>","<not supported>","<not supported>","0.074667",""
"2026-02-21T08:23:21+00:00","fib_fast","classic","3","ok","/home/rjahangir/Concurrency_in_Cpp/build/fib_fast_bench classic 90 8 1 3 8","8","1","3","NA","NA","NA","NA","NA","NA","NA","90","8","3.9797e-05;4.1484e-05;4.3723e-05","0.000041484","0.000043499","0.000043678","3.9797e-05","4.1668e-05","191993.856196602","NA","4593793481256977344","4593793481256977344","2880067194370816120","NA","0.04","0.02","0.01","100","14172","0","67","11","1","2.16","59","0","<not supported>","<not supported>","<not supported>","0.054000",""
"2026-02-21T08:23:21+00:00","fib_fast","classic","4","ok","/home/rjahangir/Concurrency_in_Cpp/build/fib_fast_bench classic 90 8 1 3 8","8","1","3","NA","NA","NA","NA","NA","NA","NA","90","8","3.6482e-05;2.2569e-05;3.5902e-05","0.000035902","0.000036424","0.000036470","2.2569e-05","3.1651e-05","252756.626962813","NA","4593793481256977344","4593793481256977344","2880067194370816120","NA","0.03","0.03","0.00","102","14240","0","62","7","1","2.13","54","0","<not supported>","<not supported>","<not supported>","0.071000",""
"2026-02-21T08:23:21+00:00","fib_fast","classic","5","ok","/home/rjahangir/Concurrency_in_Cpp/build/fib_fast_bench classic 90 8 1 3 8","8","1","3","NA","NA","NA","NA","NA","NA","NA","90","8","4.4073e-05;2.4269e-05;4.0045e-05","0.000040045","0.000043670","0.000043992","2.4269e-05","3.6129e-05","221428.769132830","NA","4593793481256977344","4593793481256977344","2880067194370816120","NA","0.03","0.03","0.00","102","14044","0","64","9","1","2.21","57","0","<not supported>","<not supported>","<not supported>","0.073667",""
"2026-02-21T08:23:21+00:00","fib_fast","ws","1","ok","/home/rjahangir/Concurrency_in_Cpp/build/fib_fast_bench ws 90 8 1 3 8","8","1","3","NA","NA","NA","NA","NA","NA","NA","90","8","4.7721e-05;3.7029e-05;3.5262e-05","0.000037029","0.000046652","0.000047507","3.5262e-05","4.0004e-05","199980.001999800","NA","4593793481256977344","4593793481256977344","2880067194370816120","NA","0.04","0.03","0.00","97","14264","0","67","9","1","2.12","61","0","<not supported>","<not supported>","<not supported>","0.053000",""
"2026-02-21T08:23:21+00:00","fib_fast","ws","2","ok","/home/rjahangir/Concurrency_in_Cpp/build/fib_fast_bench ws 90 8 1 3 8","8","1","3","NA","NA","NA","NA","NA","NA","NA","90","8","2.3337e-05;2.9804e-05;4.0063e-05","0.000029804","0.000039037","0.000039858","2.3337e-05","3.1068e-05","257499.678125402","NA","4593793481256977344","4593793481256977344","2880067194370816120","NA","0.06","0.03","0.00","60","14288","0","61","7","1","1.97","52","0","<not supported>","<not supported>","<not supported>","0.032833",""
"2026-02-21T08:23:21+00:00","fib_fast","ws","3","ok","/home/rjahangir/Concurrency_in_Cpp/build/fib_fast_bench ws 90 8 1 3 8","8","1","3","NA","NA","NA","NA","NA","NA","NA","90","8","5.7327e-05;3.6844e-05;3.8412e-05","0.000038412","0.000055435","0.000056949","3.6844e-05","4.41943e-05","181018.819168988","NA","4593793481256977344","4593793481256977344","2880067194370816120","NA","0.03","0.03","0.00","102","14288","0","66","2","1","2.17","56","0","<not supported>","<not supported>","<not supported>","0.072333",""
"2026-02-21T08:23:21+00:00","fib_fast","ws","4","ok","/home/rjahangir/Concurrency_in_Cpp/build/fib_fast_bench ws 90 8 1 3 8","8","1","3","NA","NA","NA","NA","NA","NA","NA","90","8","5.6541e-05;4.8773e-05;4.2126e-05","0.000048773","0.000055764","0.000056386","4.2126e-05","4.91467e-05","162777.968815811","NA","4593793481256977344","4593793481256977344","2880067194370816120","NA","0.04","0.03","0.00","97","14348","0","66","17","1","2.23","59","0","<not supported>","<not supported>","<not supported>","0.055750",""
"2026-02-21T08:23:21+00:00","fib_fast","ws","5","ok","/home/rjahangir/Concurrency_in_Cpp/build/fib_fast_bench ws 90 8 1 3 8","8","1","3","NA","NA","NA","NA","NA","NA","NA","90","8","2.7612e-05;3.848e-05;3.5967e-05","0.000035967","0.000038229","0.000038430","2.7612e-05","3.40197e-05","235157.864413854","NA","4593793481256977344","4593793481256977344","2880067194370816120","NA","0.03","0.03","0.00","100","14188","0","68","15","1","2.01","62","0","<not supported>","<not supported>","<not supported>","0.067000",""
"2026-02-21T08:23:21+00:00","fib_fast","elastic","1","ok","/home/rjahangir/Concurrency_in_Cpp/build/fib_fast_bench elastic 90 8 1 3 8","8","1","3","NA","NA","NA","NA","NA","NA","NA","90","8","6.6957e-05;4.3246e-05;3.4701e-05","0.000043246","0.000064586","0.000066483","3.4701e-05","4.83013e-05","165627.012109405","NA","4593793481256977344","4593793481256977344","2880067194370816120","NA","0.03","0.03","0.00","102","14424","0","75","9","1","2.35","66","2","<not supported>","<not supported>","<not supported>","0.078333",""
"2026-02-21T08:23:21+00:00","fib_fast","elastic","2","ok","/home/rjahangir/Concurrency_in_Cpp/build/fib_fast_bench elastic 90 8 1 3 8","8","1","3","NA","NA","NA","NA","NA","NA","NA","90","8","3.851e-05;3.5174e-05;3.3395e-05","0.000035174","0.000038176","0.000038443","3.3395e-05","3.5693e-05","224133.583615835","NA","4593793481256977344","4593793481256977344","2880067194370816120","NA","0.03","0.03","0.00","100","14148","0","62","16","1","2.05","55","0","<not supported>","<not supported>","<not supported>","0.068333",""
"2026-02-21T08:48:10+00:00","fib_fast","elastic","3","ok","/home/rjahangir/Concurrency_in_Cpp/build/fib_fast_bench elastic 90 8 1 3 8","8","1","3","NA","NA","NA","NA","NA","NA","NA","90","8","0.00011761;4.2965e-05;3.3922e-05","0.000042965","0.000110145","0.000116117","3.3922e-05","6.48323e-05","123395.282906823","NA","4593793481256977344","4593793481256977344","2880067194370816120","NA","0.06","0.03","0.00","61","14460","0","73","4","1","2.44","64","0","<not supported>","<not supported>","<not supported>","0.040667",""
"2026-02-21T08:44:27+00:00","fib_fast","elastic","4","ok","/home/rjahangir/Concurrency_in_Cpp/build/fib_fast_bench elastic 90 8 1 3 8","8","1","3","NA","NA","NA","NA","NA","NA","NA","90","8","3.6326e-05;3.8494e-05;3.6595e-05","0.000036595","0.000038304","0.000038456","3.6326e-05","3.71383e-05","215411.044662787","NA","4593793481256977344","4593793481256977344","2880067194370816120","NA","0.04","0.03","0.00","95","14116","0","64","17","1","2.37","58","0","<not supported>","<not supported>","<not supported>","0.059250",""
"2026-02-21T08:44:27+00:00","fib_fast","elastic","5","ok","/home/rjahangir/Concurrency_in_Cpp/build/fib_fast_bench elastic 90 8 1 3 8","8","1","3","NA","NA","NA","NA","NA","NA","NA","90","8","0.000109651;3.5533e-05;3.3881e-05","0.000035533","0.000102239","0.000108169","3.3881e-05","5.96883e-05","134029.617194660","NA","4593793481256977344","4593793481256977344","2880067194370816120","NA","0.03","0.03","0.00","100","14352","0","68","11","1","2.30","63","0","<not supported>","<not supported>","<not supported>","0.076667",""
"2026-02-21T08:44:27+00:00","fib_fast","advws","1","ok","/home/rjahangir/Concurrency_in_Cpp/build/fib_fast_bench advws 90 8 1 3 8","8","1","3","NA","NA","NA","NA","NA","NA","NA","90","8","1.6077e-05;3.9962e-05;3.594e-05","0.000035940","0.000039560","0.000039882","1.6077e-05","3.06597e-05","260928.841443328","NA","4593793481256977344","4593793481256977344","2880067194370816120","NA","0.04","0.02","0.01","97","14380","0","60","8","1","2.17","51","0","<not supported>","<not supported>","<not supported>","0.054250",""
"2026-02-21T08:44:27+00:00","fib_fast","advws","2","ok","/home/rjahangir/Concurrency_in_Cpp/build/fib_fast_bench advws 90 8 1 3 8","8","1","3","NA","NA","NA","NA","NA","NA","NA","90","8","8.5154e-05;4.7135e-05;5.2033e-05","0.000052033","0.000081842","0.000084492","4.7135e-05","6.14407e-05","130206.849856854","NA","4593793481256977344","4593793481256977344","2880067194370816120","NA","0.03","0.02","0.01","102","14192","0","68","5","1","2.18","60","0","<not supported>","<not supported>","<not supported>","0.072667",""
"2026-02-21T08:44:27+00:00","fib_fast","advws","3","ok","/home/rjahangir/Concurrency_in_Cpp/build/fib_fast_bench advws 90 8 1 3 8","8","1","3","NA","NA","NA","NA","NA","NA","NA","90","8","6.7124e-05;3.814e-05;3.6029e-05","0.000038140","0.000064226","0.000066544","3.6029e-05","4.70977e-05","169859.674676258","NA","4593793481256977344","4593793481256977344","2880067194370816120","NA","0.04","0.03","0.00","100","14348","0","65","9","1","2.25","58","0","<not supported>","<not supported>","<not supported>","0.056250",""
"2026-02-21T08:44:27+00:00","fib_fast","advws","4","ok","/home/rjahangir/Concurrency_in_Cpp/build/fib_fast_bench advws 90 8 1 3 8","8","1","3","NA","NA","NA","NA","NA","NA","NA","90","8","5.5485e-05;4.739e-05;5.0196e-05","0.000050196","0.000054956","0.000055379","4.739e-05","5.10237e-05","156789.883916690","NA","4593793481256977344","4593793481256977344","2880067194370816120","NA","0.03","0.03","0.00","102","14348","0","61","6","1","2.25","55","0","<not supported>","<not supported>","<not supported>","0.075000",""
"2026-02-21T08:44:28+00:00","fib_fast","advws","5","ok","/home/rjahangir/Concurrency_in_Cpp/build/fib_fast_bench advws 90 8 1 3 8","8","1","3","NA","NA","NA","NA","NA","NA","NA","90","8","0.000111193;2.7894e-05;3.7848e-05","0.000037848","0.000103859","0.000109726","2.7894e-05","5.89783e-05","135643.109414819","NA","4593793481256977344","4593793481256977344","2880067194370816120","NA","0.04","0.03","0.00","100","14436","0","83","13","1","2.61","81","0","<not supported>","<not supported>","<not supported>","0.065250",""
