bench,preset,mode,fib_n,threads,warmup,reps,tasks,split_threshold,exit_code,bench_best_s,bench_avg_s,time_elapsed_s,time_elapsed_raw,time_user_s,time_sys_s,time_cpu_pct,time_max_rss_kb,time_voluntary_cs,time_involuntary_cs,time_minor_pf,time_major_pf,perf_available,perf_task_clock,perf_context_switches,perf_cpu_migrations,perf_page_faults,perf_cycles,perf_instructions,perf_branches,perf_branch_misses,perf_cache_references,perf_cache_misses,bench_log,time_log,perf_log
fib_bench,fb_light,classic,52,8,1,3,8,46,0,6.0486e-05,9.02347e-05,,Elapsed (wall clock) time (h:mm:ss or m:ss): 0:00.03,User time (seconds): 0.00,System time (seconds): 0.02,80%,Maximum resident set size (kbytes): 12544,55,0,Minor (reclaiming a frame) page faults: 1549,Major (requiring I/O) page faults: 0,1,5.76,43,10,158,10105814,7665423,1420815,47823,156878,19470,/users/Ahnaf005/Concurrency_in_Cpp/results/fib_perf_20260302_234628/bench_fib_bench_classic_fb_light.log,/users/Ahnaf005/Concurrency_in_Cpp/results/fib_perf_20260302_234628/time_fib_bench_classic_fb_light.log,/users/Ahnaf005/Concurrency_in_Cpp/results/fib_perf_20260302_234628/perf_fib_bench_classic_fb_light.log
fib_bench,fb_mid,classic,60,8,1,3,8,54,0,4.8957e-05,5.77333e-05,,Elapsed (wall clock) time (h:mm:ss or m:ss): 0:00.02,User time (seconds): 0.01,System time (seconds): 0.01,109%,Maximum resident set size (kbytes): 12416,58,1,Minor (reclaiming a frame) page faults: 1559,Major (requiring I/O) page faults: 0,1,5.15,46,9,165,8452580,7688285,1171692,48511,145694,19113,/users/Ahnaf005/Concurrency_in_Cpp/results/fib_perf_20260302_234628/bench_fib_bench_classic_fb_mid.log,/users/Ahnaf005/Concurrency_in_Cpp/results/fib_perf_20260302_234628/time_fib_bench_classic_fb_mid.log,/users/Ahnaf005/Concurrency_in_Cpp/results/fib_perf_20260302_234628/perf_fib_bench_classic_fb_mid.log
fib_bench,fb_heavy,classic,65,8,1,3,16,60,0,4.5868e-05,6.5074e-05,,Elapsed (wall clock) time (h:mm:ss or m:ss): 0:00.02,User time (seconds): 0.00,System time (seconds): 0.01,109%,Maximum resident set size (kbytes): 12672,57,2,Minor (reclaiming a frame) page faults: 1550,Major (requiring I/O) page faults: 0,1,4.44,47,15,159,9200904,8448065,1116384,48399,148832,19659,/users/Ahnaf005/Concurrency_in_Cpp/results/fib_perf_20260302_234628/bench_fib_bench_classic_fb_heavy.log,/users/Ahnaf005/Concurrency_in_Cpp/results/fib_perf_20260302_234628/time_fib_bench_classic_fb_heavy.log,/users/Ahnaf005/Concurrency_in_Cpp/results/fib_perf_20260302_234628/perf_fib_bench_classic_fb_heavy.log
fib_single_bench,fs_light,classic,54,8,1,3,0,48,0,0.000108588,0.000169362,,Elapsed (wall clock) time (h:mm:ss or m:ss): 0:00.02,User time (seconds): 0.01,System time (seconds): 0.01,108%,Maximum resident set size (kbytes): 12416,123,2,Minor (reclaiming a frame) page faults: 1554,Major (requiring I/O) page faults: 0,1,5.66,112,12,164,12549851,7828552,1157723,54051,155522,16392,/users/Ahnaf005/Concurrency_in_Cpp/results/fib_perf_20260302_234628/bench_fib_single_bench_classic_fs_light.log,/users/Ahnaf005/Concurrency_in_Cpp/results/fib_perf_20260302_234628/time_fib_single_bench_classic_fs_light.log,/users/Ahnaf005/Concurrency_in_Cpp/results/fib_perf_20260302_234628/perf_fib_single_bench_classic_fs_light.log
fib_single_bench,fs_mid,classic,60,8,1,3,0,54,0,0.000127147,0.000266383,,Elapsed (wall clock) time (h:mm:ss or m:ss): 0:00.02,User time (seconds): 0.01,System time (seconds): 0.01,113%,Maximum resident set size (kbytes): 12544,148,1,Minor (reclaiming a frame) page faults: 1569,Major (requiring I/O) page faults: 0,1,6.07,138,11,173,9130158,10112865,1213536,55985,176663,18613,/users/Ahnaf005/Concurrency_in_Cpp/results/fib_perf_20260302_234628/bench_fib_single_bench_classic_fs_mid.log,/users/Ahnaf005/Concurrency_in_Cpp/results/fib_perf_20260302_234628/time_fib_single_bench_classic_fs_mid.log,/users/Ahnaf005/Concurrency_in_Cpp/results/fib_perf_20260302_234628/perf_fib_single_bench_classic_fs_mid.log
fib_single_bench,fs_heavy,classic,65,8,1,3,0,60,0,0.000248803,0.000373088,,Elapsed (wall clock) time (h:mm:ss or m:ss): 0:00.02,User time (seconds): 0.00,System time (seconds): 0.01,108%,Maximum resident set size (kbytes): 12416,122,0,Minor (reclaiming a frame) page faults: 1557,Major (requiring I/O) page faults: 0,1,6.53,111,11,164,9762783,10646272,1085804,51306,172683,18489,/users/Ahnaf005/Concurrency_in_Cpp/results/fib_perf_20260302_234628/bench_fib_single_bench_classic_fs_heavy.log,/users/Ahnaf005/Concurrency_in_Cpp/results/fib_perf_20260302_234628/time_fib_single_bench_classic_fs_heavy.log,/users/Ahnaf005/Concurrency_in_Cpp/results/fib_perf_20260302_234628/perf_fib_single_bench_classic_fs_heavy.log
fib_fast_bench,ff_light,classic,90,8,1,3,8,0,0,4.7536e-05,5.82113e-05,,Elapsed (wall clock) time (h:mm:ss or m:ss): 0:00.02,User time (seconds): 0.00,System time (seconds): 0.01,114%,Maximum resident set size (kbytes): 12416,57,3,Minor (reclaiming a frame) page faults: 1559,Major (requiring I/O) page faults: 0,1,5.13,41,10,162,9216563,8290613,1225487,46478,150499,19150,/users/Ahnaf005/Concurrency_in_Cpp/results/fib_perf_20260302_234628/bench_fib_fast_bench_classic_ff_light.log,/users/Ahnaf005/Concurrency_in_Cpp/results/fib_perf_20260302_234628/time_fib_fast_bench_classic_ff_light.log,/users/Ahnaf005/Concurrency_in_Cpp/results/fib_perf_20260302_234628/perf_fib_fast_bench_classic_ff_light.log
fib_fast_bench,ff_mid,classic,93,8,1,3,8,0,0,5.8016e-05,5.88163e-05,,Elapsed (wall clock) time (h:mm:ss or m:ss): 0:00.02,User time (seconds): 0.00,System time (seconds): 0.01,100%,Maximum resident set size (kbytes): 12544,54,0,Minor (reclaiming a frame) page faults: 1552,Major (requiring I/O) page faults: 0,1,3.94,42,7,159,9694914,7376725,924191,44684,144170,18554,/users/Ahnaf005/Concurrency_in_Cpp/results/fib_perf_20260302_234628/bench_fib_fast_bench_classic_ff_mid.log,/users/Ahnaf005/Concurrency_in_Cpp/results/fib_perf_20260302_234628/time_fib_fast_bench_classic_ff_mid.log,/users/Ahnaf005/Concurrency_in_Cpp/results/fib_perf_20260302_234628/perf_fib_fast_bench_classic_ff_mid.log
fib_fast_bench,ff_heavy,classic,93,8,1,3,32,0,0,5.4067e-05,0.000141362,,Elapsed (wall clock) time (h:mm:ss or m:ss): 0:00.02,User time (seconds): 0.01,System time (seconds): 0.01,108%,Maximum resident set size (kbytes): 12416,82,1,Minor (reclaiming a frame) page faults: 1549,Major (requiring I/O) page faults: 0,1,7.04,72,26,160,11522986,9997924,1352737,52008,161320,18503,/users/Ahnaf005/Concurrency_in_Cpp/results/fib_perf_20260302_234628/bench_fib_fast_bench_classic_ff_heavy.log,/users/Ahnaf005/Concurrency_in_Cpp/results/fib_perf_20260302_234628/time_fib_fast_bench_classic_ff_heavy.log,/users/Ahnaf005/Concurrency_in_Cpp/results/fib_perf_20260302_234628/perf_fib_fast_bench_classic_ff_heavy.log
fib_bench,fb_light,coro,52,8,1,3,8,46,0,6.0375e-05,6.57783e-05,,Elapsed (wall clock) time (h:mm:ss or m:ss): 0:00.02,User time (seconds): 0.00,System time (seconds): 0.02,104%,Maximum resident set size (kbytes): 12416,52,1,Minor (reclaiming a frame) page faults: 1555,Major (requiring I/O) page faults: 0,1,5.37,40,5,162,8444922,7029671,1116162,46033,143060,19111,/users/Ahnaf005/Concurrency_in_Cpp/results/fib_perf_20260302_234628/bench_fib_bench_coro_fb_light.log,/users/Ahnaf005/Concurrency_in_Cpp/results/fib_perf_20260302_234628/time_fib_bench_coro_fb_light.log,/users/Ahnaf005/Concurrency_in_Cpp/results/fib_perf_20260302_234628/perf_fib_bench_coro_fb_light.log
fib_bench,fb_mid,coro,60,8,1,3,8,54,0,4.7217e-05,6.98507e-05,,Elapsed (wall clock) time (h:mm:ss or m:ss): 0:00.04,User time (seconds): 0.00,System time (seconds): 0.01,65%,Maximum resident set size (kbytes): 12416,62,0,Minor (reclaiming a frame) page faults: 1545,Major (requiring I/O) page faults: 0,1,5.03,50,7,159,12494588,6374654,1074952,47741,146531,14888,/users/Ahnaf005/Concurrency_in_Cpp/results/fib_perf_20260302_234628/bench_fib_bench_coro_fb_mid.log,/users/Ahnaf005/Concurrency_in_Cpp/results/fib_perf_20260302_234628/time_fib_bench_coro_fb_mid.log,/users/Ahnaf005/Concurrency_in_Cpp/results/fib_perf_20260302_234628/perf_fib_bench_coro_fb_mid.log
fib_bench,fb_heavy,coro,65,8,1,3,16,60,0,4.5836e-05,4.68903e-05,,Elapsed (wall clock) time (h:mm:ss or m:ss): 0:00.02,User time (seconds): 0.01,System time (seconds): 0.01,108%,Maximum resident set size (kbytes): 12416,47,3,Minor (reclaiming a frame) page faults: 1556,Major (requiring I/O) page faults: 0,1,5.13,36,10,165,12554525,8108468,1286866,49092,145083,16870,/users/Ahnaf005/Concurrency_in_Cpp/results/fib_perf_20260302_234628/bench_fib_bench_coro_fb_heavy.log,/users/Ahnaf005/Concurrency_in_Cpp/results/fib_perf_20260302_234628/time_fib_bench_coro_fb_heavy.log,/users/Ahnaf005/Concurrency_in_Cpp/results/fib_perf_20260302_234628/perf_fib_bench_coro_fb_heavy.log
fib_single_bench,fs_light,coro,54,8,1,3,0,48,0,0.000107599,0.000195233,,Elapsed (wall clock) time (h:mm:ss or m:ss): 0:00.02,User time (seconds): 0.00,System time (seconds): 0.01,108%,Maximum resident set size (kbytes): 12416,134,0,Minor (reclaiming a frame) page faults: 1560,Major (requiring I/O) page faults: 0,1,6.32,123,22,168,10695418,6829779,1155469,56247,169057,17933,/users/Ahnaf005/Concurrency_in_Cpp/results/fib_perf_20260302_234628/bench_fib_single_bench_coro_fs_light.log,/users/Ahnaf005/Concurrency_in_Cpp/results/fib_perf_20260302_234628/time_fib_single_bench_coro_fs_light.log,/users/Ahnaf005/Concurrency_in_Cpp/results/fib_perf_20260302_234628/perf_fib_single_bench_coro_fs_light.log
fib_single_bench,fs_mid,coro,60,8,1,3,0,54,0,0.000132356,0.000171573,,Elapsed (wall clock) time (h:mm:ss or m:ss): 0:00.02,User time (seconds): 0.00,System time (seconds): 0.01,113%,Maximum resident set size (kbytes): 12416,117,0,Minor (reclaiming a frame) page faults: 1560,Major (requiring I/O) page faults: 0,1,5.73,106,17,170,14177488,7225131,1173632,54084,161556,15915,/users/Ahnaf005/Concurrency_in_Cpp/results/fib_perf_20260302_234628/bench_fib_single_bench_coro_fs_mid.log,/users/Ahnaf005/Concurrency_in_Cpp/results/fib_perf_20260302_234628/time_fib_single_bench_coro_fs_mid.log,/users/Ahnaf005/Concurrency_in_Cpp/results/fib_perf_20260302_234628/perf_fib_single_bench_coro_fs_mid.log
fib_single_bench,fs_heavy,coro,65,8,1,3,0,60,0,0.000125471,0.000153936,,Elapsed (wall clock) time (h:mm:ss or m:ss): 0:00.02,User time (seconds): 0.00,System time (seconds): 0.01,109%,Maximum resident set size (kbytes): 12288,113,3,Minor (reclaiming a frame) page faults: 1551,Major (requiring I/O) page faults: 0,1,5.19,102,13,164,12178885,7902096,1090562,51927,153609,17694,/users/Ahnaf005/Concurrency_in_Cpp/results/fib_perf_20260302_234628/bench_fib_single_bench_coro_fs_heavy.log,/users/Ahnaf005/Concurrency_in_Cpp/results/fib_perf_20260302_234628/time_fib_single_bench_coro_fs_heavy.log,/users/Ahnaf005/Concurrency_in_Cpp/results/fib_perf_20260302_234628/perf_fib_single_bench_coro_fs_heavy.log
fib_fast_bench,ff_light,coro,90,8,1,3,8,0,0,3.4097e-05,4.18307e-05,,Elapsed (wall clock) time (h:mm:ss or m:ss): 0:00.02,User time (seconds): 0.00,System time (seconds): 0.02,104%,Maximum resident set size (kbytes): 12288,56,1,Minor (reclaiming a frame) page faults: 1540,Major (requiring I/O) page faults: 0,1,4.61,43,3,159,9399310,8474364,1089771,45082,149140,18843,/users/Ahnaf005/Concurrency_in_Cpp/results/fib_perf_20260302_234628/bench_fib_fast_bench_coro_ff_light.log,/users/Ahnaf005/Concurrency_in_Cpp/results/fib_perf_20260302_234628/time_fib_fast_bench_coro_ff_light.log,/users/Ahnaf005/Concurrency_in_Cpp/results/fib_perf_20260302_234628/perf_fib_fast_bench_coro_ff_light.log
fib_fast_bench,ff_mid,coro,93,8,1,3,8,0,0,4.8569e-05,8.1685e-05,,Elapsed (wall clock) time (h:mm:ss or m:ss): 0:00.01,User time (seconds): 0.00,System time (seconds): 0.01,105%,Maximum resident set size (kbytes): 12416,55,2,Minor (reclaiming a frame) page faults: 1551,Major (requiring I/O) page faults: 0,1,5.52,44,6,164,8036888,6247868,1172070,47952,148994,20023,/users/Ahnaf005/Concurrency_in_Cpp/results/fib_perf_20260302_234628/bench_fib_fast_bench_coro_ff_mid.log,/users/Ahnaf005/Concurrency_in_Cpp/results/fib_perf_20260302_234628/time_fib_fast_bench_coro_ff_mid.log,/users/Ahnaf005/Concurrency_in_Cpp/results/fib_perf_20260302_234628/perf_fib_fast_bench_coro_ff_mid.log
fib_fast_bench,ff_heavy,coro,93,8,1,3,32,0,0,0.000182675,0.000312622,,Elapsed (wall clock) time (h:mm:ss or m:ss): 0:00.02,User time (seconds): 0.01,System time (seconds): 0.01,116%,Maximum resident set size (kbytes): 12416,136,2,Minor (reclaiming a frame) page faults: 1557,Major (requiring I/O) page faults: 0,1,8.15,126,19,167,12162123,8197862,1546790,60226,186534,17339,/users/Ahnaf005/Concurrency_in_Cpp/results/fib_perf_20260302_234628/bench_fib_fast_bench_coro_ff_heavy.log,/users/Ahnaf005/Concurrency_in_Cpp/results/fib_perf_20260302_234628/time_fib_fast_bench_coro_ff_heavy.log,/users/Ahnaf005/Concurrency_in_Cpp/results/fib_perf_20260302_234628/perf_fib_fast_bench_coro_ff_heavy.log
fib_bench,fb_light,ws,52,8,1,3,8,46,0,4.0998e-05,5.87093e-05,,Elapsed (wall clock) time (h:mm:ss or m:ss): 0:00.02,User time (seconds): 0.00,System time (seconds): 0.01,108%,Maximum resident set size (kbytes): 12288,51,1,Minor (reclaiming a frame) page faults: 1563,Major (requiring I/O) page faults: 0,1,5.49,40,14,170,8714128,7159446,1198063,49547,143607,18883,/users/Ahnaf005/Concurrency_in_Cpp/results/fib_perf_20260302_234628/bench_fib_bench_ws_fb_light.log,/users/Ahnaf005/Concurrency_in_Cpp/results/fib_perf_20260302_234628/time_fib_bench_ws_fb_light.log,/users/Ahnaf005/Concurrency_in_Cpp/results/fib_perf_20260302_234628/perf_fib_bench_ws_fb_light.log
fib_bench,fb_mid,ws,60,8,1,3,8,54,0,3.8013e-05,4.15853e-05,,Elapsed (wall clock) time (h:mm:ss or m:ss): 0:00.02,User time (seconds): 0.00,System time (seconds): 0.01,104%,Maximum resident set size (kbytes): 12416,54,0,Minor (reclaiming a frame) page faults: 1555,Major (requiring I/O) page faults: 0,1,4.45,40,6,163,8811143,6577999,1004751,46452,139749,17511,/users/Ahnaf005/Concurrency_in_Cpp/results/fib_perf_20260302_234628/bench_fib_bench_ws_fb_mid.log,/users/Ahnaf005/Concurrency_in_Cpp/results/fib_perf_20260302_234628/time_fib_bench_ws_fb_mid.log,/users/Ahnaf005/Concurrency_in_Cpp/results/fib_perf_20260302_234628/perf_fib_bench_ws_fb_mid.log
fib_bench,fb_heavy,ws,65,8,1,3,16,60,0,8.8461e-05,0.000132069,,Elapsed (wall clock) time (h:mm:ss or m:ss): 0:00.03,User time (seconds): 0.00,System time (seconds): 0.01,74%,Maximum resident set size (kbytes): 12416,69,1,Minor (reclaiming a frame) page faults: 1550,Major (requiring I/O) page faults: 0,1,6.25,58,11,164,10102951,9179993,1187371,51824,159459,18491,/users/Ahnaf005/Concurrency_in_Cpp/results/fib_perf_20260302_234628/bench_fib_bench_ws_fb_heavy.log,/users/Ahnaf005/Concurrency_in_Cpp/results/fib_perf_20260302_234628/time_fib_bench_ws_fb_heavy.log,/users/Ahnaf005/Concurrency_in_Cpp/results/fib_perf_20260302_234628/perf_fib_bench_ws_fb_heavy.log
fib_single_bench,fs_light,ws,54,8,1,3,0,48,0,0.000102967,0.000171708,,Elapsed (wall clock) time (h:mm:ss or m:ss): 0:00.02,User time (seconds): 0.00,System time (seconds): 0.01,108%,Maximum resident set size (kbytes): 12544,150,1,Minor (reclaiming a frame) page faults: 1559,Major (requiring I/O) page faults: 0,1,6.83,139,12,166,10509103,7012799,1258364,57630,170343,18855,/users/Ahnaf005/Concurrency_in_Cpp/results/fib_perf_20260302_234628/bench_fib_single_bench_ws_fs_light.log,/users/Ahnaf005/Concurrency_in_Cpp/results/fib_perf_20260302_234628/time_fib_single_bench_ws_fs_light.log,/users/Ahnaf005/Concurrency_in_Cpp/results/fib_perf_20260302_234628/perf_fib_single_bench_ws_fs_light.log
fib_single_bench,fs_mid,ws,60,8,1,3,0,54,0,0.000229323,0.000353456,,Elapsed (wall clock) time (h:mm:ss or m:ss): 0:00.02,User time (seconds): 0.00,System time (seconds): 0.02,112%,Maximum resident set size (kbytes): 12416,120,1,Minor (reclaiming a frame) page faults: 1558,Major (requiring I/O) page faults: 0,1,7.57,109,9,167,9775957,6320247,1414271,56932,206889,18755,/users/Ahnaf005/Concurrency_in_Cpp/results/fib_perf_20260302_234628/bench_fib_single_bench_ws_fs_mid.log,/users/Ahnaf005/Concurrency_in_Cpp/results/fib_perf_20260302_234628/time_fib_single_bench_ws_fs_mid.log,/users/Ahnaf005/Concurrency_in_Cpp/results/fib_perf_20260302_234628/perf_fib_single_bench_ws_fs_mid.log
fib_single_bench,fs_heavy,ws,65,8,1,3,0,60,0,6.8307e-05,0.000114303,,Elapsed (wall clock) time (h:mm:ss or m:ss): 0:00.02,User time (seconds): 0.00,System time (seconds): 0.01,104%,Maximum resident set size (kbytes): 12416,94,1,Minor (reclaiming a frame) page faults: 1555,Major (requiring I/O) page faults: 0,1,5.63,84,16,163,11031202,6119403,1098438,52421,156286,16280,/users/Ahnaf005/Concurrency_in_Cpp/results/fib_perf_20260302_234628/bench_fib_single_bench_ws_fs_heavy.log,/users/Ahnaf005/Concurrency_in_Cpp/results/fib_perf_20260302_234628/time_fib_single_bench_ws_fs_heavy.log,/users/Ahnaf005/Concurrency_in_Cpp/results/fib_perf_20260302_234628/perf_fib_single_bench_ws_fs_heavy.log
fib_fast_bench,ff_light,ws,90,8,1,3,8,0,0,3.8427e-05,4.42023e-05,,Elapsed (wall clock) time (h:mm:ss or m:ss): 0:00.02,User time (seconds): 0.00,System time (seconds): 0.01,109%,Maximum resident set size (kbytes): 12416,53,1,Minor (reclaiming a frame) page faults: 1543,Major (requiring I/O) page faults: 0,1,4.66,41,8,159,10946455,7499238,1094777,47170,140827,17116,/users/Ahnaf005/Concurrency_in_Cpp/results/fib_perf_20260302_234628/bench_fib_fast_bench_ws_ff_light.log,/users/Ahnaf005/Concurrency_in_Cpp/results/fib_perf_20260302_234628/time_fib_fast_bench_ws_ff_light.log,/users/Ahnaf005/Concurrency_in_Cpp/results/fib_perf_20260302_234628/perf_fib_fast_bench_ws_ff_light.log
fib_fast_bench,ff_mid,ws,93,8,1,3,8,0,0,3.6617e-05,3.9416e-05,,Elapsed (wall clock) time (h:mm:ss or m:ss): 0:00.01,User time (seconds): 0.00,System time (seconds): 0.01,105%,Maximum resident set size (kbytes): 12416,58,0,Minor (reclaiming a frame) page faults: 1555,Major (requiring I/O) page faults: 0,1,3.73,41,10,162,8771273,5224441,929469,44072,141286,17376,/users/Ahnaf005/Concurrency_in_Cpp/results/fib_perf_20260302_234628/bench_fib_fast_bench_ws_ff_mid.log,/users/Ahnaf005/Concurrency_in_Cpp/results/fib_perf_20260302_234628/time_fib_fast_bench_ws_ff_mid.log,/users/Ahnaf005/Concurrency_in_Cpp/results/fib_perf_20260302_234628/perf_fib_fast_bench_ws_ff_mid.log
fib_fast_bench,ff_heavy,ws,93,8,1,3,32,0,0,6.5187e-05,8.00053e-05,,Elapsed (wall clock) time (h:mm:ss or m:ss): 0:00.02,User time (seconds): 0.00,System time (seconds): 0.02,114%,Maximum resident set size (kbytes): 12416,57,1,Minor (reclaiming a frame) page faults: 1548,Major (requiring I/O) page faults: 0,1,5.05,47,11,167,11800181,5823879,1034542,50037,146245,17967,/users/Ahnaf005/Concurrency_in_Cpp/results/fib_perf_20260302_234628/bench_fib_fast_bench_ws_ff_heavy.log,/users/Ahnaf005/Concurrency_in_Cpp/results/fib_perf_20260302_234628/time_fib_fast_bench_ws_ff_heavy.log,/users/Ahnaf005/Concurrency_in_Cpp/results/fib_perf_20260302_234628/perf_fib_fast_bench_ws_ff_heavy.log
fib_bench,fb_light,elastic,52,8,1,3,8,46,0,8.6999e-05,0.000254889,,Elapsed (wall clock) time (h:mm:ss or m:ss): 0:00.02,User time (seconds): 0.01,System time (seconds): 0.01,108%,Maximum resident set size (kbytes): 12544,81,3,Minor (reclaiming a frame) page faults: 1553,Major (requiring I/O) page faults: 0,1,5.98,72,19,162,13680224,8233936,1285214,57213,195071,17180,/users/Ahnaf005/Concurrency_in_Cpp/results/fib_perf_20260302_234628/bench_fib_bench_elastic_fb_light.log,/users/Ahnaf005/Concurrency_in_Cpp/results/fib_perf_20260302_234628/time_fib_bench_elastic_fb_light.log,/users/Ahnaf005/Concurrency_in_Cpp/results/fib_perf_20260302_234628/perf_fib_bench_elastic_fb_light.log
fib_bench,fb_mid,elastic,60,8,1,3,8,54,0,6.5079e-05,0.000232952,,Elapsed (wall clock) time (h:mm:ss or m:ss): 0:00.02,User time (seconds): 0.00,System time (seconds): 0.02,112%,Maximum resident set size (kbytes): 12544,71,1,Minor (reclaiming a frame) page faults: 1558,Major (requiring I/O) page faults: 0,1,6.60,60,23,164,9852991,8172013,1429388,56817,181586,19820,/users/Ahnaf005/Concurrency_in_Cpp/results/fib_perf_20260302_234628/bench_fib_bench_elastic_fb_mid.log,/users/Ahnaf005/Concurrency_in_Cpp/results/fib_perf_20260302_234628/time_fib_bench_elastic_fb_mid.log,/users/Ahnaf005/Concurrency_in_Cpp/results/fib_perf_20260302_234628/perf_fib_bench_elastic_fb_mid.log
fib_bench,fb_heavy,elastic,65,8,1,3,16,60,0,8.2708e-05,0.000117891,,Elapsed (wall clock) time (h:mm:ss or m:ss): 0:00.02,User time (seconds): 0.00,System time (seconds): 0.01,114%,Maximum resident set size (kbytes): 12416,85,2,Minor (reclaiming a frame) page faults: 1565,Major (requiring I/O) page faults: 0,1,5.49,74,13,167,10414111,8627041,1372533,53265,162559,18465,/users/Ahnaf005/Concurrency_in_Cpp/results/fib_perf_20260302_234628/bench_fib_bench_elastic_fb_heavy.log,/users/Ahnaf005/Concurrency_in_Cpp/results/fib_perf_20260302_234628/time_fib_bench_elastic_fb_heavy.log,/users/Ahnaf005/Concurrency_in_Cpp/results/fib_perf_20260302_234628/perf_fib_bench_elastic_fb_heavy.log
fib_single_bench,fs_light,elastic,54,8,1,3,0,48,0,0.000164999,0.000264029,,Elapsed (wall clock) time (h:mm:ss or m:ss): 0:00.03,User time (seconds): 0.00,System time (seconds): 0.02,87%,Maximum resident set size (kbytes): 12288,191,0,Minor (reclaiming a frame) page faults: 1573,Major (requiring I/O) page faults: 0,1,7.92,168,27,182,16251030,11703767,1522738,75090,222333,23120,/users/Ahnaf005/Concurrency_in_Cpp/results/fib_perf_20260302_234628/bench_fib_single_bench_elastic_fs_light.log,/users/Ahnaf005/Concurrency_in_Cpp/results/fib_perf_20260302_234628/time_fib_single_bench_elastic_fs_light.log,/users/Ahnaf005/Concurrency_in_Cpp/results/fib_perf_20260302_234628/perf_fib_single_bench_elastic_fs_light.log
fib_single_bench,fs_mid,elastic,60,8,1,3,0,54,0,9.9038e-05,0.000251521,,Elapsed (wall clock) time (h:mm:ss or m:ss): 0:00.02,User time (seconds): 0.00,System time (seconds): 0.01,114%,Maximum resident set size (kbytes): 12416,147,0,Minor (reclaiming a frame) page faults: 1559,Major (requiring I/O) page faults: 0,1,6.19,136,18,174,13808104,7960962,1321651,62398,190875,17513,/users/Ahnaf005/Concurrency_in_Cpp/results/fib_perf_20260302_234628/bench_fib_single_bench_elastic_fs_mid.log,/users/Ahnaf005/Concurrency_in_Cpp/results/fib_perf_20260302_234628/time_fib_single_bench_elastic_fs_mid.log,/users/Ahnaf005/Concurrency_in_Cpp/results/fib_perf_20260302_234628/perf_fib_single_bench_elastic_fs_mid.log
fib_single_bench,fs_heavy,elastic,65,8,1,3,0,60,0,0.000122044,0.000232979,,Elapsed (wall clock) time (h:mm:ss or m:ss): 0:00.02,User time (seconds): 0.00,System time (seconds): 0.01,110%,Maximum resident set size (kbytes): 12288,115,1,Minor (reclaiming a frame) page faults: 1552,Major (requiring I/O) page faults: 0,1,6.34,104,17,166,9137297,5398793,1413577,54899,171516,18990,/users/Ahnaf005/Concurrency_in_Cpp/results/fib_perf_20260302_234628/bench_fib_single_bench_elastic_fs_heavy.log,/users/Ahnaf005/Concurrency_in_Cpp/results/fib_perf_20260302_234628/time_fib_single_bench_elastic_fs_heavy.log,/users/Ahnaf005/Concurrency_in_Cpp/results/fib_perf_20260302_234628/perf_fib_single_bench_elastic_fs_heavy.log
fib_fast_bench,ff_light,elastic,90,8,1,3,8,0,0,5.4963e-05,9.53333e-05,,Elapsed (wall clock) time (h:mm:ss or m:ss): 0:00.02,User time (seconds): 0.00,System time (seconds): 0.01,104%,Maximum resident set size (kbytes): 12416,64,1,Minor (reclaiming a frame) page faults: 1552,Major (requiring I/O) page faults: 0,1,4.85,54,14,160,8528433,7106010,992934,47459,143830,17718,/users/Ahnaf005/Concurrency_in_Cpp/results/fib_perf_20260302_234628/bench_fib_fast_bench_elastic_ff_light.log,/users/Ahnaf005/Concurrency_in_Cpp/results/fib_perf_20260302_234628/time_fib_fast_bench_elastic_ff_light.log,/users/Ahnaf005/Concurrency_in_Cpp/results/fib_perf_20260302_234628/perf_fib_fast_bench_elastic_ff_light.log
fib_fast_bench,ff_mid,elastic,93,8,1,3,8,0,0,0.000111273,0.000233554,,Elapsed (wall clock) time (h:mm:ss or m:ss): 0:00.02,User time (seconds): 0.00,System time (seconds): 0.01,115%,Maximum resident set size (kbytes): 12416,73,0,Minor (reclaiming a frame) page faults: 1549,Major (requiring I/O) page faults: 0,1,5.70,62,21,161,11732544,8168912,1155340,54224,177106,19071,/users/Ahnaf005/Concurrency_in_Cpp/results/fib_perf_20260302_234628/bench_fib_fast_bench_elastic_ff_mid.log,/users/Ahnaf005/Concurrency_in_Cpp/results/fib_perf_20260302_234628/time_fib_fast_bench_elastic_ff_mid.log,/users/Ahnaf005/Concurrency_in_Cpp/results/fib_perf_20260302_234628/perf_fib_fast_bench_elastic_ff_mid.log
fib_fast_bench,ff_heavy,elastic,93,8,1,3,32,0,0,6.6436e-05,0.000132967,,Elapsed (wall clock) time (h:mm:ss or m:ss): 0:00.02,User time (seconds): 0.00,System time (seconds): 0.01,113%,Maximum resident set size (kbytes): 12416,96,0,Minor (reclaiming a frame) page faults: 1554,Major (requiring I/O) page faults: 0,1,5.88,85,13,162,12991108,8821054,1292397,55502,159930,17320,/users/Ahnaf005/Concurrency_in_Cpp/results/fib_perf_20260302_234628/bench_fib_fast_bench_elastic_ff_heavy.log,/users/Ahnaf005/Concurrency_in_Cpp/results/fib_perf_20260302_234628/time_fib_fast_bench_elastic_ff_heavy.log,/users/Ahnaf005/Concurrency_in_Cpp/results/fib_perf_20260302_234628/perf_fib_fast_bench_elastic_ff_heavy.log
fib_bench,fb_light,advws,52,8,1,3,8,46,0,6.6145e-05,0.000285181,,Elapsed (wall clock) time (h:mm:ss or m:ss): 0:00.02,User time (seconds): 0.00,System time (seconds): 0.02,113%,Maximum resident set size (kbytes): 12416,77,2,Minor (reclaiming a frame) page faults: 1564,Major (requiring I/O) page faults: 0,1,6.28,67,13,173,11870812,9719582,1423164,58957,194579,21850,/users/Ahnaf005/Concurrency_in_Cpp/results/fib_perf_20260302_234628/bench_fib_bench_advws_fb_light.log,/users/Ahnaf005/Concurrency_in_Cpp/results/fib_perf_20260302_234628/time_fib_bench_advws_fb_light.log,/users/Ahnaf005/Concurrency_in_Cpp/results/fib_perf_20260302_234628/perf_fib_bench_advws_fb_light.log
fib_bench,fb_mid,advws,60,8,1,3,8,54,0,5.6359e-05,8.81337e-05,,Elapsed (wall clock) time (h:mm:ss or m:ss): 0:00.02,User time (seconds): 0.00,System time (seconds): 0.02,112%,Maximum resident set size (kbytes): 12288,60,0,Minor (reclaiming a frame) page faults: 1553,Major (requiring I/O) page faults: 0,1,5.14,49,12,161,10712730,8380200,1240831,50830,141517,18652,/users/Ahnaf005/Concurrency_in_Cpp/results/fib_perf_20260302_234628/bench_fib_bench_advws_fb_mid.log,/users/Ahnaf005/Concurrency_in_Cpp/results/fib_perf_20260302_234628/time_fib_bench_advws_fb_mid.log,/users/Ahnaf005/Concurrency_in_Cpp/results/fib_perf_20260302_234628/perf_fib_bench_advws_fb_mid.log
fib_bench,fb_heavy,advws,65,8,1,3,16,60,0,5.3318e-05,9.5481e-05,,Elapsed (wall clock) time (h:mm:ss or m:ss): 0:00.02,User time (seconds): 0.00,System time (seconds): 0.01,119%,Maximum resident set size (kbytes): 12416,83,1,Minor (reclaiming a frame) page faults: 1549,Major (requiring I/O) page faults: 0,1,5.93,72,16,165,13461887,9309984,1356816,55999,153360,17523,/users/Ahnaf005/Concurrency_in_Cpp/results/fib_perf_20260302_234628/bench_fib_bench_advws_fb_heavy.log,/users/Ahnaf005/Concurrency_in_Cpp/results/fib_perf_20260302_234628/time_fib_bench_advws_fb_heavy.log,/users/Ahnaf005/Concurrency_in_Cpp/results/fib_perf_20260302_234628/perf_fib_bench_advws_fb_heavy.log
fib_single_bench,fs_light,advws,54,8,1,3,0,48,0,0.000135238,0.000268845,,Elapsed (wall clock) time (h:mm:ss or m:ss): 0:00.02,User time (seconds): 0.01,System time (seconds): 0.01,113%,Maximum resident set size (kbytes): 12416,104,1,Minor (reclaiming a frame) page faults: 1553,Major (requiring I/O) page faults: 0,1,6.11,93,16,165,10098622,8536912,1345552,55139,211324,18672,/users/Ahnaf005/Concurrency_in_Cpp/results/fib_perf_20260302_234628/bench_fib_single_bench_advws_fs_light.log,/users/Ahnaf005/Concurrency_in_Cpp/results/fib_perf_20260302_234628/time_fib_single_bench_advws_fs_light.log,/users/Ahnaf005/Concurrency_in_Cpp/results/fib_perf_20260302_234628/perf_fib_single_bench_advws_fs_light.log
fib_single_bench,fs_mid,advws,60,8,1,3,0,54,0,0.000116413,0.000262006,,Elapsed (wall clock) time (h:mm:ss or m:ss): 0:00.04,User time (seconds): 0.00,System time (seconds): 0.02,63%,Maximum resident set size (kbytes): 12288,128,1,Minor (reclaiming a frame) page faults: 1552,Major (requiring I/O) page faults: 0,1,7.30,116,15,162,11009443,7836516,1472923,57527,201258,16591,/users/Ahnaf005/Concurrency_in_Cpp/results/fib_perf_20260302_234628/bench_fib_single_bench_advws_fs_mid.log,/users/Ahnaf005/Concurrency_in_Cpp/results/fib_perf_20260302_234628/time_fib_single_bench_advws_fs_mid.log,/users/Ahnaf005/Concurrency_in_Cpp/results/fib_perf_20260302_234628/perf_fib_single_bench_advws_fs_mid.log
fib_single_bench,fs_heavy,advws,65,8,1,3,0,60,0,9.4928e-05,0.000130018,,Elapsed (wall clock) time (h:mm:ss or m:ss): 0:00.02,User time (seconds): 0.00,System time (seconds): 0.01,110%,Maximum resident set size (kbytes): 12416,107,0,Minor (reclaiming a frame) page faults: 1558,Major (requiring I/O) page faults: 0,1,6.87,96,17,168,11425451,8319109,1356899,55267,184206,19162,/users/Ahnaf005/Concurrency_in_Cpp/results/fib_perf_20260302_234628/bench_fib_single_bench_advws_fs_heavy.log,/users/Ahnaf005/Concurrency_in_Cpp/results/fib_perf_20260302_234628/time_fib_single_bench_advws_fs_heavy.log,/users/Ahnaf005/Concurrency_in_Cpp/results/fib_perf_20260302_234628/perf_fib_single_bench_advws_fs_heavy.log
fib_fast_bench,ff_light,advws,90,8,1,3,8,0,0,4.4115e-05,6.2195e-05,,Elapsed (wall clock) time (h:mm:ss or m:ss): 0:00.02,User time (seconds): 0.00,System time (seconds): 0.01,109%,Maximum resident set size (kbytes): 12416,66,1,Minor (reclaiming a frame) page faults: 1551,Major (requiring I/O) page faults: 0,1,4.82,55,13,163,8613675,7426658,1036841,47747,142697,17767,/users/Ahnaf005/Concurrency_in_Cpp/results/fib_perf_20260302_234628/bench_fib_fast_bench_advws_ff_light.log,/users/Ahnaf005/Concurrency_in_Cpp/results/fib_perf_20260302_234628/time_fib_fast_bench_advws_ff_light.log,/users/Ahnaf005/Concurrency_in_Cpp/results/fib_perf_20260302_234628/perf_fib_fast_bench_advws_ff_light.log
fib_fast_bench,ff_mid,advws,93,8,1,3,8,0,0,5.005e-05,7.16783e-05,,Elapsed (wall clock) time (h:mm:ss or m:ss): 0:00.02,User time (seconds): 0.00,System time (seconds): 0.01,109%,Maximum resident set size (kbytes): 12288,59,1,Minor (reclaiming a frame) page faults: 1555,Major (requiring I/O) page faults: 0,1,4.88,45,6,160,7703910,7057363,1175044,46999,155679,19331,/users/Ahnaf005/Concurrency_in_Cpp/results/fib_perf_20260302_234628/bench_fib_fast_bench_advws_ff_mid.log,/users/Ahnaf005/Concurrency_in_Cpp/results/fib_perf_20260302_234628/time_fib_fast_bench_advws_ff_mid.log,/users/Ahnaf005/Concurrency_in_Cpp/results/fib_perf_20260302_234628/perf_fib_fast_bench_advws_ff_mid.log
fib_fast_bench,ff_heavy,advws,93,8,1,3,32,0,0,0.000112826,0.000219741,,Elapsed (wall clock) time (h:mm:ss or m:ss): 0:00.02,User time (seconds): 0.01,System time (seconds): 0.01,113%,Maximum resident set size (kbytes): 12544,105,1,Minor (reclaiming a frame) page faults: 1553,Major (requiring I/O) page faults: 0,1,6.66,94,18,164,10306775,9041430,1196213,57077,171245,17875,/users/Ahnaf005/Concurrency_in_Cpp/results/fib_perf_20260302_234628/bench_fib_fast_bench_advws_ff_heavy.log,/users/Ahnaf005/Concurrency_in_Cpp/results/fib_perf_20260302_234628/time_fib_fast_bench_advws_ff_heavy.log,/users/Ahnaf005/Concurrency_in_Cpp/results/fib_perf_20260302_234628/perf_fib_fast_bench_advws_ff_heavy.log
